params,lexical_ac,reward,mrr,ndcg,context_similarity,answer_precision,answer_f1,avg_similarity,total_time,timed_out,total_tokens
"{'Database_type': 1, 'CHUNK_SIZE': 768, 'CHUNK_OVERLAP': 48, 'RETRIEVER_K': 10, 'embedding_temperature': 0.75, 'embedding_num_ctx': 512, 'embedding_repeat_penalty': 0.9, 'embedding_top_k': 50, 'chat_temperature': 1.0, 'chat_num_ctx': 512, 'chat_repeat_penalty': 1.5, 'chat_top_k': 100}",0.20813447203879554,0.20813447203879554,0.0,0.0,0.04967371516565014,0.19696601597345725,0.20813447203879554,0,324.95306944847107,False,0
"{'Database_type': 1, 'CHUNK_SIZE': 768, 'CHUNK_OVERLAP': 48, 'RETRIEVER_K': 10, 'embedding_temperature': 0.75, 'embedding_num_ctx': 512, 'embedding_repeat_penalty': 0.9, 'embedding_top_k': 75, 'chat_temperature': 1.0, 'chat_num_ctx': 512, 'chat_repeat_penalty': 1.5, 'chat_top_k': 100}",0.20733559985834443,0.20733559985834443,0.0,0.0,0.04967371516565014,0.1965301185375598,0.20733559985834443,0,330.848176240921,False,0
"{'Database_type': 1, 'CHUNK_SIZE': 768, 'CHUNK_OVERLAP': 48, 'RETRIEVER_K': 10, 'embedding_temperature': 0.75, 'embedding_num_ctx': 512, 'embedding_repeat_penalty': 0.9, 'embedding_top_k': 75, 'chat_temperature': 1.0, 'chat_num_ctx': 8192, 'chat_repeat_penalty': 1.5, 'chat_top_k': 100}",0.35623015873015873,0.35623015873015873,0.0,0.0,0.04967371516565014,0.3526190476190476,0.35623015873015873,0,466.8832025527954,False,0
"{'Database_type': 1, 'CHUNK_SIZE': 768, 'CHUNK_OVERLAP': 96, 'RETRIEVER_K': 10, 'embedding_temperature': 0.75, 'embedding_num_ctx': 512, 'embedding_repeat_penalty': 0.9, 'embedding_top_k': 75, 'chat_temperature': 1.0, 'chat_num_ctx': 8192, 'chat_repeat_penalty': 1.5, 'chat_top_k': 100}",0.3313809523809524,0.3313809523809524,0.01,0.01,0.04992458092060309,0.3398333333333333,0.3313809523809524,0,626.5478553771973,False,0
"{'Database_type': 1, 'CHUNK_SIZE': 768, 'CHUNK_OVERLAP': 96, 'RETRIEVER_K': 10, 'embedding_temperature': 0.75, 'embedding_num_ctx': 512, 'embedding_repeat_penalty': 1.4, 'embedding_top_k': 75, 'chat_temperature': 1.0, 'chat_num_ctx': 8192, 'chat_repeat_penalty': 1.5, 'chat_top_k': 100}",0.3313809523809524,0.3313809523809524,0.01,0.01,0.04992458092060309,0.3398333333333333,0.3313809523809524,0,626.7594406604767,False,0
"{'Database_type': 1, 'CHUNK_SIZE': 768, 'CHUNK_OVERLAP': 96, 'RETRIEVER_K': 3, 'embedding_temperature': 0.75, 'embedding_num_ctx': 512, 'embedding_repeat_penalty': 1.4, 'embedding_top_k': 75, 'chat_temperature': 1.0, 'chat_num_ctx': 8192, 'chat_repeat_penalty': 1.5, 'chat_top_k': 100}",0.6389761904761905,0.6389761904761905,0.01,0.01,0.06625731516696003,0.6400952380952382,0.6389761904761905,0,369.51557755470276,False,0
"{'Database_type': 1, 'CHUNK_SIZE': 256, 'CHUNK_OVERLAP': 96, 'RETRIEVER_K': 3, 'embedding_temperature': 0.75, 'embedding_num_ctx': 512, 'embedding_repeat_penalty': 1.4, 'embedding_top_k': 75, 'chat_temperature': 1.0, 'chat_num_ctx': 8192, 'chat_repeat_penalty': 1.5, 'chat_top_k': 100}",0.6921428571428572,0.6921428571428572,0.01,0.01,0.1897759306422702,0.6815952380952381,0.6921428571428572,0,343.7331531047821,False,0
"{'Database_type': 1, 'CHUNK_SIZE': 256, 'CHUNK_OVERLAP': 96, 'RETRIEVER_K': 3, 'embedding_temperature': 0.75, 'embedding_num_ctx': 2048, 'embedding_repeat_penalty': 1.4, 'embedding_top_k': 75, 'chat_temperature': 1.0, 'chat_num_ctx': 8192, 'chat_repeat_penalty': 1.5, 'chat_top_k': 100}",0.6921428571428572,0.6921428571428572,0.01,0.01,0.1897759306422702,0.6815952380952381,0.6921428571428572,0,345.1459171772003,False,0
"{'Database_type': 1, 'CHUNK_SIZE': 256, 'CHUNK_OVERLAP': 96, 'RETRIEVER_K': 3, 'embedding_temperature': 0.75, 'embedding_num_ctx': 2048, 'embedding_repeat_penalty': 1.4, 'embedding_top_k': 75, 'chat_temperature': 1.0, 'chat_num_ctx': 8192, 'chat_repeat_penalty': 0.9, 'chat_top_k': 100}",0.6921428571428572,0.6921428571428572,0.01,0.01,0.1897759306422702,0.6815952380952381,0.6921428571428572,0,341.13827896118164,False,0
